Name,Retention_Index,MS
Unk_1,2120,"40 1; 41 44; 42 10; 43 56; 44 13; 
45 94; 46 6; 47 48; 48 3; 49 2; 
50 1; 51 1; 52 1; 53 7; 54 5; 
55 250; 56 20; 57 33; 58 17; 59 22; 
60 8; 61 41; 62 2; 63 2; 64 1; 
65 2; 66 1; 67 91; 68 8; 69 131; 
70 11; 71 25; 72 41; 73 999; 74 97; 
75 882; 76 63; 77 43; 78 6; 79 55; 
80 7; 81 131; 82 12; 83 150; 84 27; 
85 27; 86 11; 87 5; 88 4; 89 10; 
90 1; 91 20; 92 2; 93 102; 94 9; 
95 78; 96 17; 97 95; 98 51; 99 25; 
100 2; 101 10; 102 1; 103 3; 105 17; 
106 2; 107 67; 108 6; 109 50; 110 10; 
111 54; 112 24; 113 4; 114 1; 115 5; 
116 53; 117 317; 118 27; 119 23; 120 2; 
121 26; 122 3; 123 14; 124 5; 125 14; 
126 2; 127 2; 128 1; 129 340; 130 41; 
131 76; 132 32; 133 55; 134 11; 135 128; 
136 11; 137 4; 138 13; 139 3; 140 1; 
141 1; 142 1; 143 22; 144 2; 145 35; 
146 4; 147 164; 148 30; 149 311; 150 38; 
151 25; 152 10; 153 111; 154 7; 155 8; 
156 16; 157 21; 158 2; 159 38; 160 3; 
162 1; 163 1; 165 11; 166 22; 167 13; 
168 1; 169 10; 170 50; 171 36; 172 10; 
173 21; 174 3; 175 11; 176 3; 177 3; 
183 3; 184 20; 185 23; 186 2; 187 42; 
188 4; 189 8; 190 1; 191 1; 193 1; 
194 25; 195 15; 196 1; 197 1; 199 6; 
201 15; 202 1; 203 8; 204 255; 205 58; 
206 16; 207 1; 209 1; 211 17; 212 1; 
213 47; 214 5; 215 2; 216 1; 217 291; 
218 58; 219 19; 220 1; 225 2; 227 26; 
228 31; 229 4; 230 5; 231 7; 232 1; 
241 31; 242 11; 243 291; 244 51; 245 10; 
246 1; 251 7; 259 2; 267 7; 269 2; 
273 3; 284 2; 285 4; 287 5; 315 38; 
316 6; 317 1; 341 5; 342 1; 343 65; 
344 15; 345 3; 358 3; 359 684; 360 231; 
361 79; 362 9; 374 3; 
"
Unk_2,1777,"40 2; 41 84; 42 16; 43 85; 44 8; 
45 50; 46 3; 47 28; 48 2; 49 1; 
51 1; 53 6; 54 4; 55 119; 56 15; 
57 33; 58 11; 59 16; 60 6; 61 32; 
62 2; 63 1; 65 1; 66 1; 67 31; 
68 4; 69 56; 70 8; 71 10; 72 27; 
73 735; 74 72; 75 651; 76 49; 77 32; 
78 5; 79 12; 80 3; 81 44; 82 5; 
83 29; 84 13; 85 12; 86 6; 87 3; 
88 2; 89 10; 90 1; 91 3; 93 6; 
95 47; 96 3; 97 26; 98 19; 99 12; 
100 1; 101 5; 102 1; 103 1; 105 19; 
106 1; 107 3; 109 13; 110 1; 111 12; 
112 5; 113 1; 115 3; 116 39; 117 999; 
118 103; 119 34; 120 2; 121 3; 122 1; 
123 3; 124 1; 125 2; 126 1; 127 2; 
128 1; 129 369; 130 44; 131 171; 132 349; 
133 52; 134 10; 135 2; 140 3; 143 21; 
144 1; 145 163; 146 16; 147 4; 153 4; 
154 1; 157 4; 159 16; 160 1; 167 1; 
171 14; 172 1; 173 3; 174 1; 185 19; 
186 1; 187 20; 188 3; 199 3; 201 49; 
202 5; 213 1; 215 4; 227 27; 228 3; 
229 5; 241 3; 243 31; 244 3; 257 7; 
270 4; 271 807; 272 198; 273 45; 274 3; 
286 42; 287 7; 
"
Unk_3,1627,"40 7; 41 238; 42 51; 43 512; 44 19; 
45 3; 46 2; 47 1; 48 1; 49 1; 
50 2; 51 4; 52 3; 53 13; 54 12; 
55 144; 56 116; 57 999; 58 41; 59 3; 
60 2; 61 1; 62 1; 63 1; 64 1; 
65 3; 66 2; 67 14; 68 11; 69 77; 
70 101; 71 757; 72 35; 73 1; 74 1; 
77 1; 79 1; 81 3; 82 18; 83 54; 
84 57; 85 519; 86 26; 96 8; 97 40; 
98 46; 99 159; 100 9; 110 3; 111 18; 
112 38; 113 89; 114 5; 125 6; 126 33; 
127 55; 128 3; 139 1; 140 23; 141 37; 
142 2; 154 17; 155 30; 156 1; 168 12; 
169 24; 170 1; 182 4; 183 12; 196 1; 
197 5; 226 70; 227 9; 
"
Unk_4,2079,"40 2; 41 98; 42 18; 43 122; 44 9; 
45 40; 46 3; 47 21; 48 1; 51 1; 
53 7; 54 5; 55 125; 56 19; 57 56; 
58 11; 59 13; 60 5; 61 25; 62 1; 
63 1; 65 1; 66 1; 67 32; 68 5; 
69 63; 70 11; 71 18; 72 23; 73 667; 
74 64; 75 550; 76 45; 77 30; 78 5; 
79 13; 80 3; 81 42; 82 5; 83 43; 
84 14; 85 14; 86 5; 87 3; 88 2; 
89 10; 90 1; 91 3; 93 9; 95 40; 
96 3; 97 30; 98 23; 99 11; 101 4; 
103 1; 105 15; 107 5; 109 13; 110 1; 
111 15; 112 6; 113 1; 115 2; 116 34; 
117 999; 118 107; 119 32; 120 1; 121 5; 
123 3; 125 2; 126 1; 127 1; 129 378; 
130 47; 131 144; 132 361; 133 62; 134 12; 
135 4; 139 1; 140 1; 143 24; 144 1; 
145 205; 146 20; 147 5; 153 1; 154 2; 
157 4; 159 16; 160 1; 171 14; 173 5; 
174 1; 182 1; 185 25; 186 2; 187 19; 
188 4; 195 4; 199 4; 201 55; 202 7; 
213 5; 215 6; 227 6; 229 13; 230 1; 
241 3; 243 16; 244 1; 255 1; 257 10; 
258 1; 269 27; 270 3; 271 6; 283 2; 
285 28; 286 4; 299 4; 312 6; 313 684; 
314 209; 315 57; 316 6; 327 1; 328 72; 
329 20; 330 2; 
"
Unk_5,1831,"40 7; 41 230; 42 47; 43 471; 44 22; 
45 4; 46 3; 47 2; 48 2; 49 1; 
50 2; 51 4; 52 3; 53 13; 54 12; 
55 157; 56 103; 57 999; 58 44; 59 4; 
60 2; 61 1; 62 1; 63 1; 64 1; 
65 3; 66 2; 67 17; 68 12; 69 91; 
70 93; 71 777; 72 37; 73 4; 74 1; 
75 1; 77 1; 79 2; 81 5; 82 22; 
83 64; 84 56; 85 538; 86 29; 87 1; 
95 1; 96 11; 97 52; 98 43; 99 191; 
100 10; 110 5; 111 26; 112 34; 113 115; 
114 7; 124 1; 125 11; 126 30; 127 77; 
128 5; 139 3; 140 24; 141 52; 142 3; 
154 20; 155 36; 156 2; 168 15; 169 27; 
170 1; 182 10; 183 23; 184 1; 196 8; 
197 19; 198 1; 210 2; 211 9; 225 3; 
254 65; 255 10; 
"
Unk_6,2281,"40 2; 41 105; 42 19; 43 143; 44 10; 
45 37; 46 3; 47 19; 48 1; 49 1; 
51 1; 53 7; 54 6; 55 138; 56 21; 
57 76; 58 11; 59 12; 60 4; 61 22; 
62 1; 63 1; 65 1; 67 33; 68 6; 
69 73; 70 13; 71 26; 72 22; 73 664; 
74 63; 75 529; 76 42; 77 28; 78 4; 
79 15; 80 3; 81 43; 82 6; 83 46; 
84 15; 85 16; 86 4; 87 3; 88 1; 
89 10; 90 1; 91 3; 93 9; 95 39; 
96 3; 97 36; 98 27; 99 11; 101 3; 
103 1; 105 13; 107 5; 109 14; 110 1; 
111 20; 112 8; 113 1; 115 2; 116 32; 
117 999; 118 107; 119 32; 120 1; 121 6; 
123 4; 125 3; 126 1; 127 1; 129 391; 
130 49; 131 132; 132 361; 133 69; 134 13; 
135 6; 139 1; 143 25; 144 1; 145 238; 
146 23; 147 5; 149 1; 154 3; 157 3; 
159 18; 160 1; 171 14; 173 4; 174 1; 
185 27; 186 2; 187 19; 188 5; 199 5; 
201 66; 202 9; 203 1; 213 3; 215 8; 
223 3; 227 6; 229 3; 241 8; 243 11; 
244 1; 255 4; 257 25; 258 3; 269 1; 
271 9; 283 1; 285 2; 297 27; 298 4; 
299 7; 311 2; 313 29; 314 5; 327 2; 
340 7; 341 625; 342 211; 343 62; 344 7; 
355 1; 356 88; 357 29; 358 4; 359 1; 
"
Unk_7,2034,"40 7; 41 225; 42 46; 43 467; 44 24; 
45 5; 46 4; 47 3; 48 2; 49 2; 
50 2; 51 4; 52 3; 53 13; 54 13; 
55 171; 56 102; 57 999; 58 45; 59 4; 
60 2; 61 1; 62 1; 63 1; 64 1; 
65 3; 66 2; 67 19; 68 14; 69 100; 
70 92; 71 807; 72 39; 73 2; 74 1; 
77 1; 79 2; 81 6; 82 24; 83 76; 
84 55; 85 578; 86 32; 87 1; 95 1; 
96 15; 97 67; 98 42; 99 218; 100 13; 
110 8; 111 36; 112 35; 113 141; 114 8; 
124 3; 125 18; 126 30; 127 100; 128 6; 
138 1; 139 6; 140 25; 141 71; 142 5; 
153 2; 154 21; 155 51; 156 3; 168 17; 
169 38; 170 2; 182 14; 183 28; 184 1; 
196 11; 197 22; 198 1; 210 7; 211 20; 
212 1; 224 6; 225 16; 226 1; 238 2; 
239 8; 253 3; 282 66; 283 13; 
"
Unk_8,2239,"40 7; 41 210; 42 42; 43 452; 44 21; 
45 5; 46 4; 47 3; 48 2; 49 2; 
50 2; 51 3; 52 3; 53 11; 54 13; 
55 175; 56 96; 57 999; 58 45; 59 4; 
60 2; 61 2; 62 1; 63 1; 64 1; 
65 3; 66 2; 67 21; 68 15; 69 109; 
70 90; 71 820; 72 40; 73 2; 74 1; 
77 1; 79 2; 81 8; 82 26; 83 89; 
84 53; 85 590; 86 33; 87 1; 95 2; 
96 18; 97 79; 98 40; 99 228; 100 13; 
110 9; 111 43; 112 33; 113 154; 114 9; 
124 5; 125 22; 126 28; 127 106; 128 7; 
138 2; 139 8; 140 23; 141 79; 142 5; 
152 1; 153 4; 154 19; 155 60; 156 4; 
167 2; 168 16; 169 44; 170 3; 182 13; 
183 34; 184 2; 196 10; 197 26; 198 2; 
210 9; 211 20; 212 1; 224 6; 225 16; 
226 1; 238 5; 239 14; 240 1; 252 4; 
253 12; 254 1; 266 1; 267 5; 281 1; 
310 54; 311 14; 
"
Unk_9,2685,"40 2; 41 104; 42 20; 43 174; 44 9; 
45 30; 46 3; 47 14; 48 1; 49 1; 
50 1; 51 1; 52 1; 53 7; 54 8; 
55 169; 56 28; 57 125; 58 11; 59 10; 
60 4; 61 18; 62 1; 63 1; 65 2; 
66 1; 67 38; 68 8; 69 96; 70 15; 
71 46; 72 20; 73 733; 74 63; 75 519; 
76 34; 77 21; 78 2; 79 11; 80 2; 
81 44; 82 7; 83 61; 84 18; 85 22; 
86 5; 87 3; 88 2; 89 12; 90 1; 
91 3; 92 1; 93 9; 94 1; 95 43; 
96 5; 97 50; 98 35; 99 13; 100 2; 
101 4; 102 1; 103 2; 105 12; 106 1; 
107 6; 108 1; 109 17; 110 2; 111 26; 
112 9; 113 3; 114 1; 115 3; 116 31; 
117 999; 118 95; 119 33; 120 2; 121 9; 
122 1; 123 6; 124 1; 125 6; 126 2; 
127 3; 128 1; 129 426; 130 52; 131 121; 
132 286; 133 66; 134 10; 135 7; 136 1; 
137 1; 139 2; 140 1; 141 1; 143 26; 
144 2; 145 305; 146 31; 147 8; 149 2; 
153 2; 154 2; 155 1; 157 3; 159 21; 
160 2; 163 1; 167 1; 168 1; 171 14; 
172 1; 173 4; 174 2; 181 1; 185 30; 
186 3; 187 20; 188 4; 199 3; 201 72; 
202 7; 203 1; 213 2; 215 5; 227 5; 
228 1; 229 2; 230 1; 241 6; 242 1; 
243 8; 244 1; 255 3; 257 13; 258 1; 
269 2; 271 3; 279 1; 283 2; 285 2; 
297 3; 299 2; 311 2; 313 9; 314 1; 
327 4; 339 1; 341 1; 353 18; 354 4; 
355 3; 367 1; 369 18; 370 4; 383 1; 
396 3; 397 392; 398 180; 399 41; 400 5; 
401 1; 412 43; 413 12; 414 2; 
"
